accession,chromosome,taxid,origin
CP022616.1,1,,GCA_002243465.1
CP022617.1,2,,GCA_002243465.1
CP022618.1,3,,GCA_002243465.1
CP022619.1,4,,GCA_002243465.1
CP022620.1,5,,GCA_002243465.1
CP022621.1,6,,GCA_002243465.1
CP022622.1,7,,GCA_002243465.1
CP022623.1,8,,GCA_002243465.1
CP022624.1,9,,GCA_002243465.1
CP022625.1,10,,GCA_002243465.1
CP022626.1,11,,GCA_002243465.1
CP022627.1,12,,GCA_002243465.1
CP022628.1,13,,GCA_002243465.1
CP022629.1,14,,GCA_002243465.1
CP022630.1,15,,GCA_002243465.1
CP022631.1,16,,GCA_002243465.1
CP022632.1,17,,GCA_002243465.1
CP022633.1,18,,GCA_002243465.1
CP022634.1,19,,GCA_002243465.1
CP022635.1,20,,GCA_002243465.1
CP022636.1,21,,GCA_002243465.1
CP022637.1,22,,GCA_002243465.1
CP022638.1,23,,GCA_002243465.1
CP022639.1,24,,GCA_002243465.1
CP022640.1,25,,GCA_002243465.1
CP022641.1,26,,GCA_002243465.1
CP022642.1,27,,GCA_002243465.1
CP022643.1,28,,GCA_002243465.1
CP022644.1,29,,GCA_002243465.1
CP022645.1,30,,GCA_002243465.1
CP022646.1,31,,GCA_002243465.1
CP022647.1,32,,GCA_002243465.1
CP022648.1,33,,GCA_002243465.1
CP022649.1,34,,GCA_002243465.1
CP022650.1,35,,GCA_002243465.1
CP022651.1,36,,GCA_002243465.1
CP022652.1,maxicircle,,GCA_002243465.1
NC_009386.2,1,,GCF_000002875.2
NC_009387.2,2,,GCF_000002875.2
NC_009388.2,3,,GCF_000002875.2
NC_009389.2,4,,GCF_000002875.2
NC_009390.2,5,,GCF_000002875.2
NC_009277.2,6,,GCF_000002875.2
NC_009391.2,7,,GCF_000002875.2
NC_009392.2,8,,GCF_000002875.2
NC_009393.2,9,,GCF_000002875.2
NC_009394.2,10,,GCF_000002875.2
NC_009395.2,11,,GCF_000002875.2
NC_009396.2,12,,GCF_000002875.2
NC_009397.2,13,,GCF_000002875.2
NC_009398.2,14,,GCF_000002875.2
NC_009399.2,15,,GCF_000002875.2
NC_009400.2,16,,GCF_000002875.2
NC_009401.2,17,,GCF_000002875.2
NC_009402.2,18,,GCF_000002875.2
NC_009403.2,19,,GCF_000002875.2
NC_009404.2,20,,GCF_000002875.2
NC_009405.2,21,,GCF_000002875.2
NC_009406.2,22,,GCF_000002875.2
NC_009407.2,23,,GCF_000002875.2
NC_009408.2,24,,GCF_000002875.2
NC_009409.2,25,,GCF_000002875.2
NC_009410.2,26,,GCF_000002875.2
NC_009411.2,27,,GCF_000002875.2
NC_009412.2,28,,GCF_000002875.2
NC_009413.2,29,,GCF_000002875.2
NC_009414.2,30,,GCF_000002875.2
NC_009415.2,31,,GCF_000002875.2
NC_009416.2,32,,GCF_000002875.2
NC_009417.2,33,,GCF_000002875.2
NC_009418.2,34,,GCF_000002875.2
NC_009419.2,35,,GCF_000002875.2
NC_009420.2,36,,GCF_000002875.2
NW_004057899.1,NW_004057899.1,,GCF_000002875.2
NW_004057900.1,NW_004057900.1,,GCF_000002875.2
NW_004057938.1,NW_004057938.1,,GCF_000002875.2
NW_004057937.1,NW_004057937.1,,GCF_000002875.2
NW_004057936.1,NW_004057936.1,,GCF_000002875.2
NW_004057901.1,NW_004057901.1,,GCF_000002875.2
NW_004057902.1,NW_004057902.1,,GCF_000002875.2
NW_004057903.1,NW_004057903.1,,GCF_000002875.2
NW_004057904.1,NW_004057904.1,,GCF_000002875.2
NW_004057905.1,NW_004057905.1,,GCF_000002875.2
NW_004057906.1,NW_004057906.1,,GCF_000002875.2
NW_004057935.1,NW_004057935.1,,GCF_000002875.2
NW_004057907.1,NW_004057907.1,,GCF_000002875.2
NW_004057934.1,NW_004057934.1,,GCF_000002875.2
NW_004057908.1,NW_004057908.1,,GCF_000002875.2
NW_004057909.1,NW_004057909.1,,GCF_000002875.2
NW_004057910.1,NW_004057910.1,,GCF_000002875.2
NW_004057933.1,NW_004057933.1,,GCF_000002875.2
NW_004057932.1,NW_004057932.1,,GCF_000002875.2
NW_004057931.1,NW_004057931.1,,GCF_000002875.2
NW_004057911.1,NW_004057911.1,,GCF_000002875.2
NW_004057912.1,NW_004057912.1,,GCF_000002875.2
NW_004057930.1,NW_004057930.1,,GCF_000002875.2
NW_004057913.1,NW_004057913.1,,GCF_000002875.2
NW_004057929.1,NW_004057929.1,,GCF_000002875.2
NW_004057914.1,NW_004057914.1,,GCF_000002875.2
NW_004057915.1,NW_004057915.1,,GCF_000002875.2
NW_004057916.1,NW_004057916.1,,GCF_000002875.2
NW_004057917.1,NW_004057917.1,,GCF_000002875.2
NW_004057918.1,NW_004057918.1,,GCF_000002875.2
NW_004057919.1,NW_004057919.1,,GCF_000002875.2
NW_004057920.1,NW_004057920.1,,GCF_000002875.2
NW_004057921.1,NW_004057921.1,,GCF_000002875.2
NW_004057922.1,NW_004057922.1,,GCF_000002875.2
NW_004057928.1,NW_004057928.1,,GCF_000002875.2
NW_004057927.1,NW_004057927.1,,GCF_000002875.2
NW_004057923.1,NW_004057923.1,,GCF_000002875.2
NW_004057924.1,NW_004057924.1,,GCF_000002875.2
NW_004057925.1,NW_004057925.1,,GCF_000002875.2
NW_004057926.1,NW_004057926.1,,GCF_000002875.2
1,1,5666,Ltropica.Ld1S.scaffold.pecat.filtered
2,2,5666,Ltropica.Ld1S.scaffold.pecat.filtered
3,3,5666,Ltropica.Ld1S.scaffold.pecat.filtered
4,4,5666,Ltropica.Ld1S.scaffold.pecat.filtered
5,5,5666,Ltropica.Ld1S.scaffold.pecat.filtered
6,6,5666,Ltropica.Ld1S.scaffold.pecat.filtered
7,7,5666,Ltropica.Ld1S.scaffold.pecat.filtered
8,8,5666,Ltropica.Ld1S.scaffold.pecat.filtered
9,9,5666,Ltropica.Ld1S.scaffold.pecat.filtered
10,10,5666,Ltropica.Ld1S.scaffold.pecat.filtered
11,11,5666,Ltropica.Ld1S.scaffold.pecat.filtered
12,12,5666,Ltropica.Ld1S.scaffold.pecat.filtered
13,13,5666,Ltropica.Ld1S.scaffold.pecat.filtered
14,14,5666,Ltropica.Ld1S.scaffold.pecat.filtered
15,15,5666,Ltropica.Ld1S.scaffold.pecat.filtered
16,16,5666,Ltropica.Ld1S.scaffold.pecat.filtered
17,17,5666,Ltropica.Ld1S.scaffold.pecat.filtered
18,18,5666,Ltropica.Ld1S.scaffold.pecat.filtered
19,19,5666,Ltropica.Ld1S.scaffold.pecat.filtered
20,20,5666,Ltropica.Ld1S.scaffold.pecat.filtered
21,21,5666,Ltropica.Ld1S.scaffold.pecat.filtered
22,22,5666,Ltropica.Ld1S.scaffold.pecat.filtered
23,23,5666,Ltropica.Ld1S.scaffold.pecat.filtered
24,24,5666,Ltropica.Ld1S.scaffold.pecat.filtered
25,25,5666,Ltropica.Ld1S.scaffold.pecat.filtered
26,26,5666,Ltropica.Ld1S.scaffold.pecat.filtered
27,27,5666,Ltropica.Ld1S.scaffold.pecat.filtered
28,28,5666,Ltropica.Ld1S.scaffold.pecat.filtered
29,29,5666,Ltropica.Ld1S.scaffold.pecat.filtered
30,30,5666,Ltropica.Ld1S.scaffold.pecat.filtered
31,31,5666,Ltropica.Ld1S.scaffold.pecat.filtered
32,32,5666,Ltropica.Ld1S.scaffold.pecat.filtered
33,33,5666,Ltropica.Ld1S.scaffold.pecat.filtered
34,34,5666,Ltropica.Ld1S.scaffold.pecat.filtered
35,35,5666,Ltropica.Ld1S.scaffold.pecat.filtered
36,36,5666,Ltropica.Ld1S.scaffold.pecat.filtered
maxicircle,maxicircle,,Ltropica.Ld1S.scaffold.pecat.filtered
extra_contig_1,extra_contig_1,5666,Ltropica.Ld1S.scaffold.pecat.filtered
extra_contig_2,extra_contig_2,5666,Ltropica.Ld1S.scaffold.pecat.filtered
extra_contig_3,extra_contig_3,5666,Ltropica.Ld1S.scaffold.pecat.filtered
extra_contig_4,extra_contig_4,5666,Ltropica.Ld1S.scaffold.pecat.filtered
extra_contig_5,extra_contig_5,5666,Ltropica.Ld1S.scaffold.pecat.filtered
